Unnamed: 0,size,center_x,center_y,min_dist
Cell_1,409.0,10.0,487.0,2302.8417227417085
Cell_2,277.0,13.5,1001.0,2204.314462593756
Cell_3,262.0,12.0,546.0,2284.3434505345294
Cell_4,21.0,11.5,240.5,2382.042925725731
Cell_5,78.0,13.5,265.0,2371.310660794996
Cell_6,171.0,16.5,775.5,2229.0873693061026
Cell_7,470.0,21.0,687.0,2241.686195701798
Cell_8,454.0,29.0,427.0,2303.0946571949667
Cell_9,353.0,25.0,476.5,2291.6171691624236
Cell_10,368.0,28.0,617.0,2250.731436666756
Cell_11,286.0,30.0,519.0,2274.486315632609
Cell_12,212.0,34.5,576.0,2254.713119223818
Cell_13,207.0,34.5,301.0,2338.971194777738
Cell_14,313.0,43.5,641.5,2229.8593004940917
Cell_15,151.0,42.5,738.0,2210.352743342112
Cell_16,401.0,45.0,461.5,2277.101062755011
Cell_17,264.0,44.5,846.0,2190.269675177009
Cell_18,212.0,47.5,659.0,2221.9505507548993
Cell_19,349.0,51.0,498.5,2260.2714991788043
Cell_20,148.0,51.5,1055.0,2163.0987610370453
Cell_21,148.0,51.5,526.5,2251.743879751869
Cell_22,326.0,55.0,174.5,2367.004700037581
Cell_23,249.0,59.0,316.0,2310.794235755317
Cell_24,662.0,69.5,253.0,2323.5150634329875
Cell_25,235.0,61.0,776.5,2185.0952496401615
Cell_26,279.0,63.5,705.5,2196.2541974917203
Cell_27,207.0,60.0,408.5,2279.593000954337
Cell_28,228.0,64.0,389.5,2281.742371522254
Cell_29,156.0,63.0,374.5,2287.4892895924127
Cell_30,256.0,67.0,1113.0,2145.5369957192534
Cell_31,529.0,73.5,477.5,2245.0733841012857
Cell_32,281.0,68.0,417.5,2269.2113718206156
Cell_33,273.0,72.0,673.0,2194.93598995506
Cell_34,116.0,69.0,794.5,2174.1138999601653
Cell_35,79.0,67.0,547.5,2231.0103652829584
Cell_36,210.0,73.5,399.0,2269.7282326305058
Cell_37,164.0,72.0,603.0,2211.5523959427233
Cell_38,145.0,72.5,146.5,2362.266390566483
Cell_39,149.0,76.5,1040.5,2138.89702884454
Cell_40,385.0,83.0,780.0,2162.822692686573
Cell_41,292.0,80.0,922.0,2145.3542830963843
Cell_42,192.0,80.0,329.0,2286.6044695136934
Cell_43,470.0,83.5,513.5,2224.80751976435
Cell_44,219.0,82.5,371.5,2270.0203743579045
Cell_45,295.0,85.0,726.5,2170.9258969389075
Cell_46,274.0,91.0,419.5,2246.7112075208956
Cell_47,215.0,93.0,565.0,2201.221706234972
Cell_48,256.0,94.5,594.5,2191.9690919353766
Cell_49,120.0,90.5,633.5,2186.096635558456
Cell_50,231.0,95.0,689.5,2168.870962044538
Cell_51,234.0,93.0,823.5,2145.709031998514
Cell_52,753.0,101.5,162.5,2329.260075646341
Cell_53,317.0,99.0,495.5,2215.3237348071725
Cell_54,47.0,94.0,288.0,2287.920671701709
Cell_55,189.0,103.0,280.0,2282.4359793869357
Cell_56,99.0,100.0,1229.5,2113.1105626540225
Cell_57,255.0,103.5,712.5,2155.6726328457203
Cell_58,290.0,108.5,46.0,2372.92419811506
Cell_59,424.0,107.5,567.5,2186.5869523071797
Cell_60,244.0,106.5,264.5,2284.888290485992
Cell_61,63.0,104.5,202.5,2310.468026179977
Cell_62,246.0,108.0,680.0,2158.2810289672657
Cell_63,259.0,114.5,14.0,2382.1593670449506
Cell_64,286.0,113.5,790.5,2130.95577147908
Cell_65,260.0,113.5,953.5,2108.7338618232507
Cell_66,305.0,115.5,862.5,2117.64361968675
Cell_67,286.0,115.5,593.0,2172.081087344577
Cell_68,81.0,118.0,448.5,2211.897884170967
Cell_69,245.0,120.5,737.5,2133.9457584484194
Cell_70,517.0,124.5,273.0,2265.019260403761
Cell_71,403.0,126.5,402.0,2218.5182555029833
Cell_72,329.0,126.5,609.5,2157.188563848789
Cell_73,250.0,127.0,635.0,2150.3257892700817
Cell_74,153.0,124.5,675.5,2143.2140583712116
Cell_75,277.0,128.0,314.5,2246.6869497106177
Cell_76,224.0,128.0,229.0,2278.47668410278
Cell_77,293.0,133.0,377.0,2220.522686216018
Cell_78,167.0,131.5,523.0,2176.12597291609
Cell_79,317.0,135.0,791.5,2109.6111608540564
Cell_80,312.0,137.0,464.0,2188.934443970399
Cell_81,554.0,142.5,821.5,2097.162487743856
Cell_82,195.0,138.5,181.0,2287.9323088762917
Cell_83,350.0,140.0,428.5,2197.335716270957
Cell_84,333.0,140.5,124.5,2309.7161080964042
Cell_85,99.0,137.0,569.5,2157.6601331071583
Cell_86,379.0,143.0,676.0,2125.0849394788906
Cell_87,172.0,142.0,330.0,2228.112429838315
Cell_88,168.0,143.5,191.5,2279.1012482994256
Cell_89,197.0,143.0,222.0,2267.400714474616
Cell_90,301.0,145.0,312.0,2231.701144866848
Cell_91,224.0,145.5,724.0,2112.200570495141
Cell_92,239.0,153.5,65.0,2324.188944556789
Cell_93,242.0,153.0,593.0,2135.9084718217678
Cell_94,230.0,152.0,706.5,2109.542663706994
Cell_95,275.0,156.5,388.0,2194.706643266931
Cell_96,136.0,154.0,183.0,2272.9663437895424
Cell_97,141.0,153.5,477.0,2169.1653348696127
Cell_98,274.0,158.0,245.0,2244.6211261591566
Cell_99,294.0,161.0,279.5,2228.724130528496
Cell_100,265.0,161.0,369.5,2196.65228245164
Cell_101,231.0,160.0,605.0,2125.99153337919
Cell_102,102.0,159.5,319.0,2215.6552642502847
Cell_103,242.0,163.0,724.0,2095.082337284146
Cell_104,315.0,161.5,1289.5,2054.5224505952715
Cell_105,169.0,159.0,555.5,2140.429688170111
Cell_106,182.0,161.0,757.5,2090.3141510308924
Cell_107,257.0,165.5,203.5,2254.12876739551
Cell_108,274.0,164.0,692.5,2100.9036746124275
Cell_109,223.0,166.0,479.5,2156.5153025193213
Cell_110,280.0,167.5,86.5,2302.0344263281554
Cell_111,118.0,167.5,359.0,2194.123116418037
Cell_112,347.0,173.0,21.0,2327.1203234899567
Cell_113,183.0,171.5,143.5,2273.570429962529
Cell_114,214.0,171.0,544.0,2132.2218458687644
Cell_115,315.0,173.5,123.0,2280.5855059611335
Cell_116,310.0,176.5,891.5,2053.2633781373493
Cell_117,262.0,177.5,39.5,2314.509127223308
Cell_118,361.0,183.5,490.5,2136.4415508035786
Cell_119,220.0,177.5,526.0,2131.29426640246
Cell_120,159.0,177.0,600.0,2110.911177667123
Cell_121,300.0,181.0,1087.5,2032.3295131449527
Cell_122,228.0,179.0,380.0,2176.164056315608
Cell_123,293.0,183.0,568.0,2113.880318277267
Cell_124,114.0,178.5,783.0,2068.3341727100096
Cell_125,310.0,189.0,909.0,2038.6350825981583
Cell_126,145.0,181.5,162.5,2256.4601702666946
Cell_127,258.0,186.5,849.5,2049.312689659633
Cell_128,225.0,184.5,86.0,2287.055148001464
Cell_129,179.0,185.5,516.0,2126.6704610728953
Cell_130,274.0,187.0,55.0,2298.9225737288325
Cell_131,310.0,191.5,719.5,2068.1737112728224
Cell_132,207.0,188.5,808.0,2054.0596997166367
Cell_133,227.0,190.0,291.0,2197.5277017594112
Cell_134,168.0,188.5,351.5,2177.026067827393
Cell_135,171.0,191.0,416.5,2152.7845340395775
Cell_136,248.0,192.0,401.0,2156.905190313195
Cell_137,352.0,195.0,106.5,2268.5085959722524
Cell_138,227.0,197.5,846.5,2038.9017877278934
Cell_139,138.0,199.0,883.0,2032.1055582818526
Cell_140,197.0,200.5,460.5,2129.90903561631
Cell_141,196.0,201.0,475.5,2124.6249669059243
Cell_142,231.0,204.0,512.0,2110.2760482932085
Cell_143,143.0,202.0,284.5,2188.855465762872
Cell_144,222.0,204.5,143.5,2243.7652506445497
Cell_145,226.0,203.0,186.0,2227.095417803198
Cell_146,179.0,203.5,29.0,2296.4442623325303
Cell_147,123.0,206.0,497.5,2112.881504012944
Cell_148,292.0,213.0,854.0,2022.4366491932449
Cell_149,72.0,208.0,541.0,2097.716854105911
Cell_150,219.0,211.0,895.0,2018.6027345666605
Cell_151,379.0,216.0,132.0,2238.41573439788
Cell_152,323.0,213.5,347.5,2155.0407188728477
Cell_153,234.0,212.0,665.0,2060.5863243261615
Cell_154,342.0,219.0,227.5,2195.4933955719384
Cell_155,214.0,214.0,520.5,2098.152580247681
Cell_156,83.0,211.0,404.0,2137.9826940366006
Cell_157,202.0,213.0,418.5,2131.327110042004
Cell_158,217.0,213.5,742.5,2041.8483048453918
Cell_159,149.0,213.5,21.5,2291.196739697401
Cell_160,410.0,215.0,268.5,2182.9679910617106
Cell_161,247.0,216.5,377.0,2141.9216255502906
Cell_162,146.0,213.0,61.0,2273.0879877382663
Cell_163,272.0,219.0,392.5,2134.2917443498673
Cell_164,125.0,213.5,461.0,2117.3838220785574
Cell_165,93.0,215.0,590.0,2077.029128346543
Cell_166,145.0,218.0,8.0,2293.7142367784177
Cell_167,260.0,224.5,480.5,2100.7704539049478
Cell_168,74.0,219.0,789.5,2027.3285994135238
Cell_169,259.0,224.0,564.5,2075.5616709700535
Cell_170,247.0,223.5,842.5,2013.845699153736
Cell_171,146.0,225.5,577.5,2070.423748897795
Cell_172,78.0,222.0,800.0,2022.4789244884605
Cell_173,181.0,224.5,819.5,2016.625522996275
Cell_174,167.0,225.0,588.5,2067.831049674997
Cell_175,185.0,224.5,1017.5,1992.673706355358
Cell_176,275.0,227.0,331.5,2148.195347262441
Cell_177,219.0,226.0,664.0,2047.243268397774
Cell_178,221.0,228.5,446.0,2107.816227758008
Cell_179,220.0,229.0,601.0,2060.555507624097
Cell_180,86.0,227.0,749.5,2027.2042940956887
Cell_181,208.0,234.0,185.5,2199.157168098724
Cell_182,111.0,234.5,630.5,2047.4219154829811
Cell_183,257.0,239.5,169.5,2200.9826214670575
Cell_184,248.0,236.5,305.0,2149.1710611303142
Cell_185,252.0,239.5,144.5,2211.8147526409166
Cell_186,141.0,235.0,222.5,2182.8969856591953
Cell_187,47.0,233.5,712.5,2028.6977350014467
Cell_188,273.0,242.0,156.5,2204.3339697060424
Cell_189,235.0,239.0,340.0,2133.9283024506703
Cell_190,267.0,241.0,881.0,1990.789039551906
Cell_191,108.0,238.5,377.0,2121.2746757551226
Cell_192,147.0,242.5,286.0,2150.8461706965472
Cell_193,330.0,244.0,952.0,1979.0666992297151
Cell_194,244.0,246.0,91.5,2229.750266285442
Cell_195,312.0,247.5,227.0,2169.6488771227478
Cell_196,219.0,247.5,292.5,2143.735174875852
Cell_197,197.0,247.0,772.5,2003.0370066476555
Cell_198,226.0,249.5,319.5,2131.690526319428
Cell_199,308.0,251.5,459.0,2081.890547074942
Cell_200,183.0,251.5,442.5,2087.1326023997613
Cell_201,165.0,253.0,493.5,2069.5983305946106
Cell_202,148.0,254.0,21.0,2255.9122323352917
Cell_203,245.0,257.0,503.5,2062.6030277297664
Cell_204,213.0,254.0,1128.5,1958.2697081862855
Cell_205,361.0,260.0,302.5,2128.3642193008227
Cell_206,378.0,257.5,421.0,2088.4765380535164
Cell_207,27.0,251.5,258.0,2153.503482699761
Cell_208,181.0,257.5,122.5,2205.4388452187923
Cell_209,209.0,259.0,478.0,2068.8610393160775
Cell_210,223.0,260.0,537.0,2049.3120796989415
Cell_211,178.0,261.0,814.0,1981.6180257557207
Cell_212,383.0,263.5,351.0,2107.1080299785294
Cell_213,289.0,264.5,94.5,2211.9390814396315
Cell_214,188.0,261.5,329.5,2116.8359643581266
Cell_215,90.0,260.0,704.5,2004.668613511969
Cell_216,442.0,267.0,1068.5,1947.1983078258875
Cell_217,158.0,264.0,23.5,2245.9533053917216
Cell_218,352.0,273.0,243.0,2139.8422839078585
Cell_219,56.0,267.0,118.5,2198.76129900451
Cell_220,244.0,272.0,401.5,2081.3861366887213
Cell_221,164.0,270.5,473.0,2059.4674675750525
Cell_222,263.0,279.0,324.5,2102.4588580992495
Cell_223,298.0,272.5,74.0,2214.385072655612
Cell_224,139.0,275.0,809.0,1968.7236982370075
Cell_225,220.0,275.5,865.0,1958.9916411256072
Cell_226,188.0,275.0,613.0,2013.0258319256611
Cell_227,180.0,274.5,1170.5,1937.523290182598
Cell_228,128.0,276.0,295.5,2116.272725808278
Cell_229,312.0,279.0,564.0,2023.0911991306768
Cell_230,307.0,283.5,762.5,1969.2421130983362
Cell_231,229.0,281.0,848.0,1956.2029547058762
Cell_232,101.0,279.5,433.0,2063.747138096138
Cell_233,185.0,281.5,471.5,2049.483959439546
Cell_234,95.0,285.0,4.0,2237.2147862912047
Cell_235,201.0,285.5,153.0,2166.7732345587065
Cell_236,176.0,285.0,201.5,2146.178289425182
Cell_237,82.0,282.5,604.0,2008.2876412506253
Cell_238,120.0,285.5,33.5,2222.302072176508
Cell_239,296.0,289.5,56.0,2207.9472933020843
Cell_240,329.0,295.5,98.0,2182.83788907926
Cell_241,290.0,289.5,943.5,1934.7641975186536
Cell_242,165.0,288.5,16.5,2227.997419208559
Cell_243,203.0,289.0,455.5,2047.444077380381
Cell_244,230.0,292.5,172.5,2151.9062479578424
Cell_245,248.0,293.5,277.0,2107.4122164398686
Cell_246,226.0,293.5,574.0,2006.2929123136532
Cell_247,172.0,293.5,424.0,2053.5362792022934
Cell_248,532.0,298.0,515.5,2019.9173869245246
Cell_249,191.0,298.0,185.0,2141.514417415862
Cell_250,46.0,292.0,490.0,2033.7711277329117
Cell_251,283.0,297.5,639.0,1984.3876259440844
Cell_252,206.0,298.0,157.5,2153.5738320289834
Cell_253,48.0,296.5,198.5,2137.0546319642835
Cell_254,266.0,301.5,680.5,1969.9975888310119
Cell_255,269.0,305.0,43.0,2200.642860620505
Cell_256,254.0,304.5,132.5,2158.988767918907
Cell_257,134.0,303.5,372.5,2062.047647364144
Cell_258,192.0,305.5,21.5,2210.7416176477973
Cell_259,268.0,309.0,109.0,2165.773995596032
Cell_260,130.0,306.5,601.5,1985.9432267816721
Cell_261,122.0,306.0,621.5,1980.882694659126
Cell_262,435.0,314.5,408.5,2039.0690277673289
Cell_263,97.0,308.5,349.5,2065.7716475932184
Cell_264,233.0,311.5,712.0,1952.8187959972117
Cell_265,255.0,315.5,67.0,2179.856015887288
Cell_266,405.0,315.0,150.0,2141.713799740759
Cell_267,159.0,313.0,286.0,2085.941993440853
Cell_268,184.0,314.0,428.5,2032.7164706372603
Cell_269,264.0,313.5,484.0,2015.1802028602801
Cell_270,194.0,315.0,1022.5,1902.0492238635677
Cell_271,264.0,318.0,385.0,2044.0362032018904
Cell_272,216.0,315.0,668.5,1959.8890912498084
Cell_273,299.0,315.0,455.5,2022.8384142091033
Cell_274,224.0,318.0,936.5,1907.2588314122443
Cell_275,255.0,321.5,922.0,1905.5474935041634
Cell_276,229.0,320.5,603.0,1972.0893108579032
Cell_277,240.0,323.0,25.5,2193.5544784664
Cell_278,210.0,321.5,115.5,2151.6850373602547
Cell_279,275.0,326.0,330.0,2056.864847285791
Cell_280,218.0,327.5,58.5,2173.4466867167457
Cell_281,263.0,327.5,1157.5,1884.503250196189
Cell_282,155.0,327.5,83.0,2161.6660819839867
Cell_283,260.0,328.5,421.5,2021.4530664846018
Cell_284,259.0,327.0,810.5,1917.3093777478898
Cell_285,159.0,328.5,165.0,2122.9235148728276
Cell_286,198.0,327.5,667.0,1948.1725411266837
Cell_287,152.0,329.0,458.5,2008.6242182150447
Cell_288,207.0,329.5,558.0,1976.718303147922
Cell_289,136.0,329.5,290.0,2069.2102962241415
Cell_290,50.0,329.5,4.5,2198.425459277617
Cell_291,364.0,338.5,617.5,1950.7420383023482
Cell_292,323.0,337.5,658.5,1940.6845441750702
Cell_293,217.0,339.0,33.0,2175.941405461094
Cell_294,148.0,334.5,675.5,1939.2566874965264
Cell_295,320.0,338.0,461.5,1999.1378766858477
Cell_296,211.0,342.0,381.0,2023.0719216083248
Cell_297,114.0,341.5,43.5,2168.573840107825
Cell_298,128.0,340.0,801.5,1906.2067700016175
Cell_299,175.0,340.0,966.0,1882.12884787413
Cell_300,80.0,339.5,201.5,2096.9655457350746
Cell_301,448.0,346.5,275.0,2059.6811039576005
Cell_302,167.0,344.0,243.0,2075.176137102583
Cell_303,83.0,344.0,80.0,2148.614669967605
Cell_304,59.0,344.0,822.0,1898.5112588552115
Cell_305,321.0,349.5,695.0,1919.912042256103
Cell_306,217.0,347.0,126.5,2123.9922904756504
Cell_307,236.0,353.5,500.5,1972.0310595931292
Cell_308,166.0,350.0,22.5,2171.6524238468733
Cell_309,215.0,351.0,361.0,2022.0368443725254
Cell_310,229.0,352.5,461.5,1985.4350908554024
Cell_311,152.0,353.0,542.0,1959.3473403151368
Cell_312,149.0,354.0,554.5,1954.4836274576464
Cell_313,169.0,356.0,345.0,2023.4149352023671
Cell_314,295.0,361.0,559.5,1946.279335039038
Cell_315,237.0,357.0,436.0,1989.716060145266
Cell_316,206.0,360.0,619.5,1929.5404245571017
Cell_317,360.0,364.5,75.0,2133.0907739709533
Cell_318,242.0,360.5,96.0,2126.4630845608394
Cell_319,75.0,358.0,353.5,2018.3508738571695
Cell_320,443.0,366.5,726.5,1895.9589921725628
Cell_321,171.0,359.0,156.5,2099.5364369307813
Cell_322,133.0,360.5,539.5,1953.0270095418548
Cell_323,329.0,374.0,6.5,2159.087365068862
Cell_324,140.0,360.5,116.0,2116.9707721175555
Cell_325,266.0,365.5,236.5,2058.4359353645186
Cell_326,190.0,361.5,131.5,2108.8301259229015
Cell_327,124.0,363.0,927.0,1863.7481052974942
Cell_328,86.0,363.0,444.5,1981.1908666254244
Cell_329,93.0,366.0,289.0,2036.1777918443172
Cell_330,267.0,369.5,468.0,1967.243566516358
Cell_331,176.0,369.0,226.0,2059.769404569356
Cell_332,94.0,366.0,262.0,2047.2530376091765
Cell_333,66.0,365.5,318.0,2025.075615872158
Cell_334,173.0,367.0,421.0,1985.4936413899693
Cell_335,167.0,367.5,490.0,1962.0370154510338
Cell_336,108.0,370.0,568.5,1934.947092299942
Cell_337,102.0,369.5,670.0,1906.8002648416011
Cell_338,407.0,377.5,701.0,1891.2932744553395
Cell_339,123.0,371.5,307.5,2023.715024404375
Cell_340,42.0,369.0,850.5,1868.9727793630382
Cell_341,157.0,373.0,148.0,2090.9925872656745
Cell_342,296.0,378.0,976.0,1843.3070823929474
Cell_343,284.0,380.5,117.5,2098.636819461624
Cell_344,185.0,378.0,541.0,1935.9638426375634
Cell_345,120.0,376.5,793.0,1872.0267759837197
Cell_346,169.0,378.5,1012.5,1839.5038733310676
Cell_347,142.0,378.0,332.0,2008.0988521484694
Cell_348,77.0,376.5,102.0,2109.543374761467
Cell_349,186.0,382.5,139.0,2086.7549568648446
Cell_350,220.0,380.5,452.0,1962.1868539973455
Cell_351,360.0,381.5,415.0,1974.0228595434248
Cell_352,236.0,383.5,775.0,1868.7986114078744
Cell_353,197.0,384.0,221.5,2048.196340686117
Cell_354,254.0,385.0,577.5,1917.9158610324907
Cell_355,251.0,386.0,650.0,1896.153211109271
Cell_356,179.0,385.0,470.0,1951.9472328933484
Cell_357,181.0,389.0,160.5,2071.0328944756043
Cell_358,186.0,387.0,440.5,1959.9839922815697
Cell_359,468.0,396.5,553.0,1914.6028961641107
Cell_360,105.0,388.5,209.0,2049.6283199643785
Cell_361,392.0,392.0,350.5,1988.0398009094285
Cell_362,143.0,390.0,320.0,2001.7724645923172
Cell_363,178.0,392.5,480.0,1941.5842114108777
Cell_364,224.0,394.5,391.0,1970.5345087056962
Cell_365,171.0,396.5,152.5,2068.0794230396473
Cell_366,494.0,398.0,746.5,1860.7542153653717
Cell_367,132.0,397.0,329.0,1991.7873882520694
Cell_368,181.0,397.5,83.0,2100.3881188961245
Cell_369,161.0,397.0,628.0,1891.6432010292003
Cell_370,267.0,398.0,921.0,1829.807640163304
Cell_371,204.0,402.0,664.0,1876.994672341933
Cell_372,204.0,402.5,169.5,2054.90693219912
Cell_373,250.0,403.0,217.0,2033.0865697259426
Cell_374,169.0,400.5,582.0,1901.781598922442
Cell_375,367.0,407.5,242.0,2018.1331100797092
Cell_376,79.0,403.5,11.5,2131.2208942294087
Cell_377,219.0,407.5,97.0,2084.8204359128868
Cell_378,193.0,407.0,852.0,1831.2580375250234
Cell_379,417.0,415.5,321.0,1977.9838851719699
Cell_380,174.0,407.5,300.0,1993.7876642210424
Cell_381,341.0,409.0,482.5,1925.1730441703155
Cell_382,244.0,414.0,531.0,1905.0774262480777
Cell_383,177.0,408.5,633.0,1879.2009605148673
Cell_384,68.0,405.5,108.0,2081.2331080395584
Cell_385,209.0,412.0,455.0,1931.5330698696307
Cell_386,223.0,408.0,693.0,1863.7167166712863
Cell_387,328.0,411.5,653.5,1870.6567028720156
Cell_388,144.0,408.0,1014.0,1809.9792816493784
Cell_389,465.0,413.5,572.0,1892.491281353761
Cell_390,259.0,412.0,729.0,1851.1142590342715
Cell_391,166.0,411.0,800.5,1836.7256871944705
Cell_392,143.0,414.5,182.5,2038.286657955647
Cell_393,133.0,413.5,195.5,2033.2772806481657
Cell_394,201.0,414.0,680.5,1861.097592819893
Cell_395,154.0,415.0,31.0,2111.3249394633694
Cell_396,184.0,414.5,786.0,1836.2002205641954
Cell_397,237.0,417.5,89.0,2080.0207330697453
Cell_398,176.0,416.5,849.0,1822.4061704241456
Cell_399,235.0,419.0,218.5,2018.0711706974064
Cell_400,134.0,416.5,378.5,1954.7435893231623
Cell_401,270.0,419.5,396.5,1945.2620646072344
Cell_402,172.0,422.0,547.5,1892.2162270734284
Cell_403,268.0,423.5,720.5,1841.948017724713
Cell_404,99.0,420.5,625.5,1869.8215155463367
Cell_405,191.0,425.0,818.5,1819.5261058858155
Cell_406,153.0,425.5,986.5,1795.0020891352744
Cell_407,284.0,430.5,175.0,2027.5231811251874
Cell_408,214.0,431.0,162.0,2033.1281317221499
Cell_409,183.0,428.5,768.0,1826.2861906064998
Cell_410,171.0,429.0,356.0,1951.7812377415662
Cell_411,185.0,429.0,749.5,1829.8691893138155
Cell_412,132.0,430.5,852.5,1808.0139656540266
Cell_413,314.0,433.0,865.5,1803.3749610106047
Cell_414,338.0,436.5,519.5,1887.2505133129519
Cell_415,151.0,433.5,1118.5,1779.0077290444806
Cell_416,166.0,432.5,74.5,2074.199243081532
Cell_417,290.0,436.5,132.0,2042.5066095364293
Cell_418,202.0,434.0,228.5,2000.1940530858499
Cell_419,656.0,441.5,319.5,1954.7952578211357
Cell_420,384.0,439.0,432.5,1914.0536173263276
Cell_421,178.0,434.5,685.0,1840.1310415293797
Cell_422,142.0,434.5,958.5,1788.9976243695799
Cell_423,280.0,436.5,1053.0,1778.7816757545036
Cell_424,221.0,436.5,98.5,2058.8060860605597
Cell_425,101.0,436.5,604.5,1860.6699062434475
Cell_426,159.0,437.0,585.5,1865.9649648372288
Cell_427,99.0,435.5,645.5,1849.7817438822344
Cell_428,144.0,436.0,274.5,1978.4706846450872
Cell_429,187.0,439.5,351.0,1944.0617917134218
Cell_430,122.0,440.5,711.0,1827.7615407924525
Cell_431,156.0,440.5,84.0,2062.522060488081
Cell_432,179.0,443.0,702.0,1827.5781789023417
Cell_433,218.0,445.0,681.0,1831.0349532436567
Cell_434,218.0,445.5,548.5,1869.6733671954576
Cell_435,174.0,445.5,568.5,1863.2172444457462
Cell_436,245.0,446.0,193.0,2005.4735101716003
Cell_437,203.0,447.0,743.0,1813.8216560621388
Cell_438,119.0,447.5,1042.5,1768.4746252067062
Cell_439,60.0,445.5,1066.5,1769.0258618799216
Cell_440,197.0,449.5,885.5,1783.9020432747982
Cell_441,90.0,447.5,13.0,2092.8880165933388
Cell_442,149.0,448.0,763.0,1808.3417818543041
Cell_443,106.0,450.5,1052.5,1764.838377869203
Cell_444,170.0,451.5,228.0,1984.7360655764787
Cell_445,235.0,452.0,724.5,1813.3207796746829
Cell_446,403.0,454.0,954.0,1770.1449093223978
Cell_447,220.0,453.5,649.5,1831.3804902313445
Cell_448,229.0,454.0,274.0,1962.3957297140655
Cell_449,179.0,453.0,365.5,1925.9754022312954
Cell_450,116.0,451.5,825.5,1792.1831658622395
Cell_451,41.0,449.5,873.5,1785.7946410491886
Cell_452,198.0,453.0,28.0,2080.3485284922813
Cell_453,167.0,456.0,138.0,2022.5254015710161
Cell_454,261.0,457.0,387.5,1913.8420128108799
Cell_455,209.0,460.0,516.5,1865.9143201122606
Cell_456,189.0,456.5,402.0,1908.85652944374
Cell_457,185.0,459.0,76.5,2050.2910159292023
Cell_458,136.0,458.0,609.5,1838.6593621440595
Cell_459,211.0,461.0,308.0,1941.7296413249708
Cell_460,147.0,459.0,870.0,1776.9890264151886
Cell_461,151.0,459.5,932.0,1767.398441212394
Cell_462,121.0,458.0,65.0,2056.989061711316
Cell_463,226.0,462.5,106.5,2032.2481393766855
Cell_464,208.0,460.0,146.5,2014.9308300782932
Cell_465,103.0,458.0,198.5,1992.2876925785592
Cell_466,189.0,460.0,808.0,1787.2081579939143
Cell_467,297.0,464.5,377.5,1910.7308811028308
Cell_468,292.0,467.0,345.5,1920.9834070079835
Cell_469,260.0,468.5,458.5,1877.2880705954533
Cell_470,222.0,465.5,479.5,1872.8930829067633
Cell_471,68.0,464.5,706.0,1805.763342744558
Cell_472,421.0,472.5,417.0,1888.4375155138175
Cell_473,197.0,470.0,253.5,1956.8608151833384
Cell_474,205.0,471.5,300.0,1935.5260912733777
Cell_475,222.0,472.0,551.0,1843.7407626887245
Cell_476,308.0,471.5,657.5,1811.8643713037684
Cell_477,301.0,476.5,1042.5,1739.5408877057187
Cell_478,252.0,476.0,126.5,2010.6432428454332
Cell_479,143.0,477.5,139.5,2002.9858961061109
Cell_480,313.0,480.0,787.0,1771.9198627477485
Cell_481,280.0,478.0,268.0,1943.3283304681172
Cell_482,225.0,480.0,286.5,1933.5475815195239
Cell_483,187.0,480.0,360.0,1903.2900462094578
Cell_484,254.0,479.5,627.5,1812.7819780657574
Cell_485,190.0,479.0,1088.5,1734.5158546407122
Cell_486,235.0,482.0,247.5,1948.7447883188809
Cell_487,134.0,477.5,375.5,1899.514806470326
Cell_488,194.0,481.0,817.0,1764.8504185907655
Cell_489,500.0,482.5,972.0,1739.7963242862654
Cell_490,294.0,485.5,149.0,1991.381994997444
Cell_491,178.0,481.5,1001.5,1737.8350036755503
Cell_492,89.0,483.0,95.5,2019.9829826015862
Cell_493,291.0,487.0,501.5,1845.2677989928725
Cell_494,143.0,482.5,705.5,1788.4771455067576
Cell_495,189.0,487.0,909.0,1743.3097831423995
Cell_496,313.0,487.0,18.5,2056.4559927214586
Cell_497,199.0,486.5,59.5,2035.358567918685
Cell_498,129.0,485.5,225.0,1955.722436850383
Cell_499,250.0,488.5,749.5,1771.943706780777
Cell_500,170.0,486.5,213.5,1960.082268681598
Cell_501,298.0,491.5,373.5,1887.4036399244333
Cell_502,182.0,490.0,132.5,1995.5010022548222
Cell_503,306.0,491.0,940.0,1735.1316952900145
Cell_504,276.0,494.0,430.0,1863.664401119472
Cell_505,275.0,494.0,634.5,1796.8656738888415
Cell_506,363.0,492.0,869.0,1744.609985068296
Cell_507,146.0,491.0,553.0,1825.039451628375
Cell_508,202.0,494.5,380.5,1881.908207113195
Cell_509,177.0,495.0,447.5,1856.3887658569797
Cell_510,202.0,493.5,613.5,1803.6070802699794
Cell_511,350.0,499.0,579.0,1809.1691463210398
Cell_512,467.0,505.5,930.5,1721.9966608562283
Cell_513,83.0,502.0,1090.0,1711.4733418899634
Cell_514,197.0,502.0,58.0,2022.894213744258
Cell_515,109.0,500.0,821.0,1745.4351892866146
Cell_516,358.0,507.0,98.0,1998.0155154552729
Cell_517,68.0,502.0,354.5,1885.311181211208
Cell_518,171.0,507.5,545.0,1811.8344985124884
Cell_519,167.0,507.0,852.5,1732.6849829094729
Cell_520,131.0,506.0,886.0,1728.0222799489595
Cell_521,524.0,517.0,405.0,1851.6978695240755
Cell_522,578.0,520.0,673.5,1760.8294210399824
Cell_523,122.0,509.0,769.5,1747.421314394442
Cell_524,188.0,511.5,1024.5,1705.9696656154235
Cell_525,273.0,512.5,788.5,1739.8438148293656
Cell_526,151.0,515.5,6.0,2039.143263726215
Cell_527,223.0,513.0,262.5,1914.3080342515411
Cell_528,170.0,514.5,330.0,1883.9244278898238
Cell_529,105.0,514.0,642.0,1775.5463947754224
Cell_530,196.0,514.5,577.5,1794.9870473070273
Cell_531,170.0,519.0,553.0,1798.4106872458249
Cell_532,184.0,517.0,841.0,1724.9420280113764
Cell_533,263.0,518.0,873.5,1718.2235739274445
Cell_534,235.0,519.0,236.0,1920.887815568624
Cell_535,338.0,524.0,763.0,1734.2860202400295
Cell_536,159.0,518.0,282.5,1901.0076933037383
Cell_537,158.0,521.5,1071.5,1692.8675376413833
Cell_538,89.0,520.0,68.5,2002.0600015983537
Cell_539,204.0,525.0,462.5,1823.0082967446967
Cell_540,235.0,526.0,144.5,1958.2635803180326
Cell_541,247.0,523.0,206.5,1931.001618331792
Cell_542,87.0,522.5,539.5,1799.342240931391
Cell_543,306.0,528.5,371.0,1854.4174961426565
Cell_544,88.0,523.0,715.0,1746.8935285242774
Cell_545,141.0,525.5,647.5,1762.9420013148476
Cell_546,279.0,529.0,801.0,1721.0720496248841
Cell_547,242.0,531.0,221.5,1916.919729670494
Cell_548,336.0,531.5,60.0,1996.7276354074934
Cell_549,120.0,529.5,778.0,1725.5420162951698
Cell_550,133.0,529.5,915.0,1700.3888525863724
Cell_551,329.0,533.5,249.0,1902.0584244444228
Cell_552,192.0,532.5,125.5,1962.1102160684043
Cell_553,261.0,536.5,581.0,1773.0482931945198
Cell_554,100.0,531.0,182.0,1935.6058483069326
Cell_555,196.0,537.0,291.5,1879.9849068543076
Cell_556,97.0,532.5,606.0,1768.825952432856
Cell_557,78.0,532.5,738.0,1731.9495518057101
Cell_558,135.0,535.0,148.0,1948.710855925014
Cell_559,91.0,537.0,191.5,1925.783801468898
Cell_560,123.0,536.0,634.0,1756.902103134947
Cell_561,70.0,534.5,39.0,2005.3474137914359
Cell_562,176.0,542.0,487.0,1798.463788904297
Cell_563,209.0,541.0,85.0,1975.5386607201592
Cell_564,190.0,541.0,268.0,1886.7946364138309
Cell_565,235.0,541.0,353.0,1850.2888963618627
Cell_566,213.0,543.5,113.0,1958.964075729823
Cell_567,266.0,545.5,922.5,1683.4798781096256
Cell_568,293.0,544.5,317.5,1861.9861707327475
Cell_569,373.0,547.5,441.0,1809.8796230688936
Cell_570,219.0,548.0,411.5,1820.5774496021859
Cell_571,191.0,549.0,152.0,1934.570236512492
Cell_572,214.0,548.0,242.5,1892.133782268051
Cell_573,440.0,551.5,777.5,1704.210227642118
Cell_574,200.0,546.5,550.5,1773.0900992335387
Cell_575,251.0,553.0,704.0,1720.793421651768
Cell_576,115.0,549.5,867.0,1688.2956642721085
Cell_577,239.0,555.0,341.0,1842.5289685646735
Cell_578,336.0,561.5,384.0,1818.973130642671
Cell_579,327.0,559.0,1060.5,1656.0523089564533
Cell_580,283.0,558.0,265.5,1872.7403050076111
Cell_581,430.0,560.5,731.5,1706.435612614786
Cell_582,357.0,565.5,855.0,1674.6934794164572
Cell_583,133.0,556.0,452.0,1797.916850135178
Cell_584,276.0,561.5,516.0,1770.2065557442725
Cell_585,233.0,568.0,610.0,1733.8791768747901
Cell_586,235.0,573.0,8.5,1989.7098406551645
Cell_587,206.0,568.5,19.5,1987.380814036404
Cell_588,206.0,573.0,465.5,1777.1553815015725
Cell_589,324.0,574.5,90.5,1944.1112365294327
Cell_590,137.0,569.5,476.0,1776.6235532605099
Cell_591,234.0,571.5,224.5,1879.7405406066018
Cell_592,116.0,569.0,668.0,1715.371096876708
Cell_593,185.0,573.0,49.0,1967.5164548231865
Cell_594,171.0,572.0,110.0,1936.0643067832225
Cell_595,117.0,571.0,144.0,1919.533797566482
Cell_596,322.0,572.5,363.5,1817.2590624344125
Cell_597,110.0,572.5,28.5,1979.09587943586
Cell_598,519.0,578.5,414.5,1791.2991095849961
Cell_599,126.0,572.0,591.5,1736.067467006971
Cell_600,210.0,575.0,247.0,1866.1095894936075
Cell_601,611.0,579.0,329.0,1825.8852647414624
Cell_602,74.0,571.0,755.5,1690.3583200020048
Cell_603,83.0,574.0,629.5,1722.0732417641243
Cell_604,207.0,580.0,237.0,1866.3547358420371
Cell_605,197.0,580.5,393.0,1797.9589122112886
Cell_606,177.0,581.0,614.5,1720.1230333903445
Cell_607,93.0,583.0,704.0,1691.8894762956593
Cell_608,275.0,588.5,263.0,1846.7431467315644
Cell_609,284.0,587.5,192.5,1881.1061905166332
Cell_610,344.0,586.5,29.0,1967.1243605832346
Cell_611,52.0,583.5,65.5,1949.7785771722902
Cell_612,56.0,586.0,117.5,1920.204220909849
Cell_613,174.0,589.0,541.0,1735.9449876076142
Cell_614,213.0,590.0,556.0,1730.113580086579
Cell_615,123.0,587.5,594.0,1720.6072329267943
Cell_616,325.0,594.0,240.5,1852.353165570756
Cell_617,139.0,592.5,278.5,1836.096538856277
Cell_618,342.0,598.0,876.0,1638.9694933097444
Cell_619,357.0,597.0,341.0,1804.4791492283862
Cell_620,230.0,598.5,367.0,1792.1457111518582
Cell_621,208.0,597.0,623.5,1702.0961341827906
Cell_622,131.0,596.5,167.0,1885.9237126670846
Cell_623,165.0,598.0,388.0,1783.96328437555
Cell_624,232.0,600.0,449.5,1758.0148605742786
Cell_625,301.0,599.0,831.5,1646.3107999402787
Cell_626,264.0,600.5,909.0,1631.0843785653763
Cell_627,133.0,599.0,58.0,1940.7900453165973
Cell_628,182.0,600.0,592.0,1709.334665886116
Cell_629,222.0,603.0,696.5,1674.7063175374958
Cell_630,245.0,601.5,664.0,1685.4433393027487
Cell_631,198.0,604.0,268.5,1830.452471385149
Cell_632,237.0,606.0,213.5,1854.719453178836
Cell_633,244.0,608.0,308.5,1808.7620766701186
Cell_634,149.0,604.0,564.5,1714.1260892944836
Cell_635,211.0,604.5,679.5,1678.0639141582183
Cell_636,290.0,607.5,347.5,1792.2082747270194
Cell_637,193.0,607.0,400.5,1770.6770597712052
Cell_638,208.0,607.5,733.0,1660.6035800274549
Cell_639,372.0,615.0,20.0,1948.4398887314949
Cell_640,106.0,607.5,651.0,1683.60335293085
Cell_641,181.0,607.5,751.0,1656.0556301042548
Cell_642,293.0,609.5,543.5,1715.7716922714396
Cell_643,187.0,609.5,639.5,1685.2206087037982
Cell_644,224.0,611.5,824.5,1635.4915163338512
Cell_645,136.0,611.0,280.5,1818.7207729610393
Cell_646,143.0,608.5,437.0,1754.9234313781328
Cell_647,258.0,613.5,570.5,1703.2077090008722
Cell_648,148.0,611.0,8.0,1958.49789379514
Cell_649,93.0,611.5,80.0,1918.3746375512787
Cell_650,195.0,611.5,153.5,1879.8171453628142
Cell_651,91.0,610.5,582.5,1702.2739203782687
Cell_652,202.0,611.0,605.5,1694.6330723787967
Cell_653,279.0,614.0,765.5,1646.215128711919
Cell_654,198.0,614.5,388.0,1768.9000113064617
Cell_655,112.0,611.0,416.0,1760.8231029833746
Cell_656,241.0,613.5,475.5,1735.8042804417785
Cell_657,476.0,621.0,718.0,1651.5235390390292
Cell_658,424.0,623.0,491.0,1721.3102567521057
Cell_659,356.0,629.0,62.0,1913.47903045735
Cell_660,186.0,623.5,215.0,1838.7017838681725
Cell_661,274.0,623.0,522.0,1710.3525952270777
Cell_662,154.0,622.0,423.0,1747.9519444195255
Cell_663,302.0,625.5,447.0,1735.3853318499612
Cell_664,189.0,623.5,850.0,1618.6578545202194
Cell_665,361.0,626.0,104.0,1893.2736199503759
Cell_666,290.0,625.0,174.5,1857.5228800744285
Cell_667,222.0,626.5,49.5,1922.455331080543
Cell_668,262.0,627.5,350.5,1772.8526447508264
Cell_669,68.0,627.0,373.0,1763.7462969486287
Cell_670,75.0,629.0,5.0,1945.3701447282467
Cell_671,184.0,631.0,647.0,1662.4551121759648
Cell_672,140.0,633.5,255.0,1810.6888882411579
Cell_673,343.0,636.5,401.0,1743.506882693613
Cell_674,143.0,637.0,139.0,1865.464285372411
Cell_675,281.0,638.5,241.0,1812.9793848800377
Cell_676,165.0,635.0,363.5,1760.5110763639063
Cell_677,209.0,635.5,542.5,1691.6047115091635
Cell_678,213.0,636.5,628.0,1663.2165373155715
Cell_679,189.0,635.5,308.0,1784.399408764753
Cell_680,215.0,640.5,88.0,1889.6510921331483
Cell_681,177.0,639.0,271.0,1798.300586665088
Cell_682,319.0,642.5,846.0,1600.7983164658813
Cell_683,440.0,649.0,897.0,1585.1387951848255
Cell_684,270.0,640.5,10.5,1932.7862013166382
Cell_685,313.0,639.5,117.5,1874.660635955212
Cell_686,155.0,642.0,146.5,1857.2878748325472
Cell_687,206.0,641.0,176.5,1842.715726855339
Cell_688,190.0,642.0,226.5,1816.942005128397
Cell_689,248.0,643.0,800.5,1609.8823714793575
Cell_690,247.0,646.5,642.0,1649.2881040012385
Cell_691,203.0,642.5,707.5,1633.7051447553197
Cell_692,127.0,643.5,880.5,1593.383977577282
Cell_693,267.0,648.0,364.0,1748.5425359424346
Cell_694,92.0,645.5,348.0,1757.7062467886947
Cell_695,255.0,649.5,158.5,1844.6496957417146
Cell_696,158.0,651.5,461.0,1706.0059349251983
Cell_697,225.0,654.0,754.0,1610.2835154096313
Cell_698,174.0,652.5,193.5,1824.1931092951754
Cell_699,354.0,658.5,218.5,1806.5050511969237
Cell_700,171.0,653.5,471.0,1700.3570948480206
Cell_701,242.0,656.5,984.5,1565.4815553049484
Cell_702,167.0,654.5,517.0,1682.5927166132628
Cell_703,130.0,653.5,741.0,1614.101065608966
Cell_704,296.0,659.0,542.5,1669.5002994908386
Cell_705,391.0,661.5,169.5,1828.6920189031284
Cell_706,107.0,657.0,454.0,1703.620262852024
Cell_707,44.0,655.0,16.5,1917.456974745457
Cell_708,117.0,657.5,431.5,1711.9908002089264
Cell_709,91.0,657.0,529.0,1676.0360974632974
Cell_710,282.0,660.5,917.0,1570.5694031146793
Cell_711,185.0,659.0,125.0,1854.1588389347878
Cell_712,218.0,660.0,621.5,1643.0959345089989
Cell_713,114.0,660.5,812.5,1590.1586398847128
Cell_714,264.0,664.5,372.0,1730.2061293383515
Cell_715,216.0,664.5,562.0,1657.7494533252002
Cell_716,260.0,666.0,48.0,1890.5208277085974
Cell_717,119.0,663.5,199.0,1811.920597046129
Cell_718,252.0,668.0,1036.5,1549.0113782667963
Cell_719,196.0,670.5,547.5,1656.9841580413495
Cell_720,178.0,669.0,754.5,1595.64759580554
Cell_721,73.0,669.0,353.0,1734.3820225083055
Cell_722,122.0,669.0,472.0,1685.6340053522888
Cell_723,202.0,671.0,488.0,1677.758623878894
Cell_724,165.0,672.0,127.5,1841.832307784832
Cell_725,377.0,681.0,644.5,1615.7763613817353
Cell_726,269.0,676.0,934.5,1552.6101410205977
Cell_727,182.0,677.0,337.5,1734.070716551087
Cell_728,171.0,674.5,448.0,1689.8482920073031
Cell_729,295.0,680.0,163.0,1816.2609944608732
Cell_730,263.0,680.5,619.5,1624.2839961041295
Cell_731,258.0,682.0,1021.5,1536.3463964874588
Cell_732,330.0,683.5,720.5,1590.7081756249322
Cell_733,96.0,680.5,326.0,1736.1236275104375
Cell_734,190.0,683.0,245.5,1771.8863535791454
Cell_735,256.0,685.5,372.0,1711.2531227144627
Cell_736,288.0,686.5,85.5,1852.559985533532
Cell_737,161.0,684.0,349.5,1722.4599414790464
Cell_738,110.0,685.5,461.0,1674.6373488012264
Cell_739,287.0,689.0,232.5,1773.0767749874792
Cell_740,249.0,689.5,452.5,1674.2886549218447
Cell_741,227.0,688.0,315.0,1734.4751367488668
Cell_742,455.0,690.5,590.5,1623.8572905277113
Cell_743,161.0,686.0,869.5,1553.592047482221
Cell_744,127.0,686.0,103.5,1843.055682826756
Cell_745,159.0,691.5,540.5,1639.6915868540646
Cell_746,181.0,688.0,924.5,1542.24130731867
Cell_747,85.0,688.0,979.0,1534.8289807011074
Cell_748,367.0,697.0,141.0,1813.4897297751647
Cell_749,272.0,694.0,42.0,1870.881343110781
Cell_750,437.0,694.0,1025.0,1524.0800503910548
Cell_751,227.0,696.0,8.0,1888.9280028629996
Cell_752,218.0,695.0,273.0,1748.0529168191676
Cell_753,297.0,703.5,929.5,1526.1600505844726
Cell_754,280.0,697.5,691.5,1585.604143536463
Cell_755,135.0,695.5,945.5,1531.735127233165
Cell_756,159.0,699.0,111.0,1828.0713881027732
Cell_757,114.0,697.5,306.5,1729.992052004864
Cell_758,131.0,698.5,677.0,1589.0054279328313
Cell_759,218.0,702.0,914.0,1530.0682991291599
Cell_760,241.0,701.5,289.0,1734.6983167110068
Cell_761,112.0,697.5,348.5,1710.8157411013028
Cell_762,264.0,704.5,414.5,1675.993585906581
Cell_763,178.0,703.0,1098.0,1510.314536777025
Cell_764,184.0,703.0,66.0,1849.819991242391
Cell_765,156.0,703.5,515.0,1637.5909898384273
Cell_766,169.0,704.0,549.0,1625.0144614741125
Cell_767,419.0,710.5,567.5,1612.568293127457
Cell_768,296.0,709.5,658.0,1584.4605548892657
Cell_769,145.0,706.5,327.0,1712.5297807629506
Cell_770,262.0,708.5,470.5,1649.7534664306663
Cell_771,106.0,706.0,526.5,1631.0935748754575
Cell_772,140.0,708.5,486.0,1643.7789541176148
Cell_773,243.0,715.5,22.0,1864.922853632289
Cell_774,152.0,709.0,1226.0,1504.4048657193316
Cell_775,307.0,716.5,245.0,1743.002079746321
Cell_776,234.0,715.0,639.0,1585.3999495395476
Cell_777,247.0,713.5,832.0,1534.1913994023041
Cell_778,401.0,717.0,1164.5,1495.0040969843528
Cell_779,173.0,716.0,766.5,1547.1413154589338
Cell_780,240.0,715.0,852.5,1528.4571469295436
Cell_781,256.0,715.5,61.0,1842.3789648169563
Cell_782,186.0,715.0,338.0,1699.9394106849809
Cell_783,233.0,718.5,809.5,1534.3058691147603
Cell_784,223.0,718.5,7.0,1871.3167155775636
Cell_785,201.0,715.0,186.0,1774.4007439132795
Cell_786,500.0,725.5,751.0,1542.0059176280745
Cell_787,249.0,718.0,321.5,1704.8672235690378
Cell_788,272.0,720.0,591.0,1595.790713094922
Cell_789,193.0,717.0,522.0,1622.4678733337064
Cell_790,160.0,719.5,480.5,1635.734850151454
Cell_791,168.0,724.0,257.0,1730.5351773367684
Cell_792,196.0,725.0,271.5,1722.5362840880885
Cell_793,294.0,729.0,899.5,1505.8788961931832
Cell_794,237.0,727.5,87.0,1817.7393239956052
Cell_795,100.0,724.5,120.5,1801.546141512895
Cell_796,158.0,726.0,949.0,1501.046301750882
Cell_797,225.0,729.0,161.5,1775.4867642424147
Cell_798,151.0,726.5,302.5,1706.286171777759
Cell_799,198.0,728.5,728.5,1545.2600104836727
Cell_800,142.0,728.5,114.0,1801.8049977730664
Cell_801,179.0,728.5,350.0,1682.459286283029
Cell_802,246.0,730.0,389.0,1663.7848418590668
Cell_803,42.0,724.5,934.5,1504.6456393450253
Cell_804,364.0,732.5,1014.0,1486.7848701140324
Cell_805,95.0,728.5,1280.0,1488.2651813437012
Cell_806,43.0,727.5,713.5,1550.482666784766
Cell_807,188.0,733.0,325.0,1689.9612421591212
Cell_808,423.0,735.0,1104.0,1478.0994553818089
Cell_809,172.0,735.0,337.0,1682.6244381917195
Cell_810,61.0,728.5,1265.5,1487.1760151374147
Cell_811,192.0,734.5,41.5,1838.1116669016603
Cell_812,209.0,734.0,104.5,1802.5282938139972
Cell_813,461.0,737.5,438.0,1636.2198049161977
Cell_814,129.0,731.0,513.0,1612.764396928454
Cell_815,186.0,733.5,553.5,1595.7977628759854
Cell_816,197.0,733.0,1061.5,1482.3431620242325
Cell_817,156.0,736.0,974.0,1487.798709503406
Cell_818,228.0,736.5,1248.0,1478.0626678189258
Cell_819,127.0,735.5,185.0,1757.4812232282882
Cell_820,204.0,738.5,876.5,1500.7139967362202
Cell_821,160.0,738.5,139.0,1779.6871213783618
Cell_822,297.0,740.0,274.5,1707.9889490274813
Cell_823,360.0,743.5,61.0,1819.4626267115243
Cell_824,304.0,739.5,585.0,1579.3721062498223
Cell_825,252.0,742.0,1278.5,1474.6885264353284
Cell_826,203.0,742.0,470.5,1618.9509720803778
Cell_827,179.0,742.5,318.0,1684.8546673229712
Cell_828,158.0,743.5,401.5,1646.1994107640787
Cell_829,328.0,747.0,293.5,1692.6137332539872
Cell_830,97.0,745.0,747.5,1524.162474935005
Cell_831,120.0,746.0,128.5,1779.2032626993466
Cell_832,149.0,750.5,418.5,1632.5858323530804
Cell_833,230.0,754.5,324.5,1671.207497589692
Cell_834,265.0,758.0,107.0,1781.2737015966973
Cell_835,194.0,754.5,701.0,1528.3671842852423
Cell_836,123.0,754.0,969.0,1470.5876376469373
Cell_837,114.0,753.0,191.5,1739.1915506924474
Cell_838,246.0,757.0,311.0,1675.4238269763266
Cell_839,274.0,760.5,386.5,1637.4854197824175
Cell_840,205.0,756.5,421.5,1625.8796080891107
Cell_841,354.0,762.0,902.5,1472.8619249610604
Cell_842,233.0,756.5,228.0,1717.1305279448036
Cell_843,134.0,755.5,399.5,1636.2574675154274
Cell_844,196.0,758.5,1249.5,1456.1917799520777
Cell_845,234.0,759.0,34.0,1822.6908679202845
Cell_846,490.0,764.0,456.5,1604.4588651629558
Cell_847,234.0,759.0,661.0,1536.6225951742347
Cell_848,153.0,758.5,686.5,1528.9906801547222
Cell_849,258.0,761.5,774.0,1501.2392380963136
Cell_850,198.0,764.0,372.5,1640.6206904705305
Cell_851,274.0,763.5,547.0,1570.068867916309
Cell_852,163.0,762.0,636.5,1541.4954589618485
Cell_853,189.0,766.0,50.5,1807.3046920760207
Cell_854,109.0,764.5,269.5,1689.1786465616951
Cell_855,444.0,772.0,429.5,1608.4490200189746
Cell_856,92.0,764.0,508.5,1583.8927520510977
Cell_857,328.0,771.5,572.0,1553.7288212554981
Cell_858,216.0,770.0,808.0,1484.5783913286627
Cell_859,207.0,772.0,798.0,1485.048484057002
Cell_860,283.0,771.0,80.0,1786.0397531969998
Cell_861,172.0,771.5,333.0,1652.2082949797825
Cell_862,214.0,773.0,17.5,1821.3031735545842
Cell_863,131.0,772.5,859.5,1470.7353602874991
Cell_864,392.0,777.0,296.0,1665.1996877251688
Cell_865,50.0,769.5,671.5,1523.291337860227
Cell_866,179.0,773.0,749.5,1496.6807441802678
Cell_867,102.0,775.5,56.0,1796.3867206144673
Cell_868,138.0,775.5,252.5,1688.2584221617258
Cell_869,204.0,780.0,349.5,1636.9594527660115
Cell_870,107.0,780.0,1056.0,1435.8443508960154
Cell_871,300.0,783.0,670.0,1511.000330906648
Cell_872,134.0,782.5,850.0,1462.9392502766477
Cell_873,164.0,783.0,931.0,1447.3911012577078
Cell_874,286.0,787.5,1094.5,1426.051366536283
Cell_875,461.0,786.5,171.0,1722.0006533099806
Cell_876,332.0,786.5,1028.0,1431.6910455821117
Cell_877,216.0,785.0,145.5,1737.327041751207
Cell_878,147.0,782.5,203.0,1708.089649286594
Cell_879,188.0,785.5,308.0,1651.9174464845391
Cell_880,178.0,785.0,321.0,1646.059840953542
Cell_881,107.0,785.0,26.5,1806.3031999085867
Cell_882,97.0,782.5,89.0,1771.4531464309182
Cell_883,125.0,785.5,255.5,1678.1276769066174
Cell_884,123.0,783.0,553.0,1549.717716230927
Cell_885,186.0,786.0,51.5,1790.571486983974
Cell_886,323.0,789.0,113.0,1752.3472829322388
Cell_887,103.0,784.5,402.5,1608.8823760610967
Cell_888,115.0,784.0,747.5,1486.6627896063048
Cell_889,169.0,788.5,335.5,1636.0521079721148
Cell_890,206.0,787.5,446.5,1587.2184789750906
Cell_891,228.0,788.5,1258.5,1426.8351341342839
Cell_892,150.0,786.0,241.0,1685.1551857321629
Cell_893,131.0,789.0,513.5,1558.8846172824979
Cell_894,274.0,793.5,72.5,1772.1259831061673
Cell_895,217.0,791.5,784.5,1469.5484000195434
Cell_896,140.0,790.5,813.0,1463.4774511416292
Cell_897,278.0,794.5,889.0,1443.3607483924454
Cell_898,68.0,791.0,547.0,1544.4497401987544
Cell_899,135.0,793.5,1057.0,1422.3073683279574
Cell_900,199.0,795.5,130.5,1737.0556985888506
Cell_901,368.0,798.5,324.0,1632.7863454843073
Cell_902,272.0,796.0,245.0,1674.5291875628802
Cell_903,370.0,801.5,380.0,1603.8052406698264
Cell_904,163.0,795.5,493.0,1560.9151962871013
Cell_905,172.0,798.0,995.0,1423.7106447589692
Cell_906,217.0,799.0,92.5,1755.9787157024427
Cell_907,270.0,804.5,8.5,1801.7415186424494
Cell_908,195.0,804.0,904.5,1431.1730328649992
Cell_909,122.0,798.0,452.0,1575.3796367860034
Cell_910,261.0,803.5,1072.5,1411.277612661662
Cell_911,206.0,804.0,303.0,1638.253948568414
Cell_912,322.0,807.0,798.5,1451.010423808182
Cell_913,174.0,806.5,20.5,1792.824168734904
Cell_914,180.0,805.5,637.0,1500.0274164161133
Cell_915,197.0,810.0,146.0,1716.337088103616
Cell_916,151.0,810.5,829.5,1440.1716911535236
Cell_917,261.0,811.0,203.0,1684.0394888481683
Cell_918,224.0,812.0,476.5,1552.478099684501
Cell_919,96.0,808.5,869.5,1433.4519524560285
Cell_920,223.0,812.5,44.5,1773.508528313298
Cell_921,264.0,812.5,531.0,1530.478438266936
Cell_922,191.0,811.5,176.0,1698.3642866004925
Cell_923,63.0,809.5,447.5,1566.854332731668
Cell_924,220.0,816.0,21.5,1784.68939874702
Cell_925,168.0,814.0,66.5,1759.1356542347721
Cell_926,137.0,814.5,490.0,1544.7042597209345
Cell_927,277.0,816.5,498.5,1539.461756588971
Cell_928,280.0,817.5,515.5,1531.8343578859954
Cell_929,281.0,817.5,83.0,1746.5423699412506
Cell_930,236.0,817.0,103.5,1734.9383994828174
Cell_931,55.0,813.0,355.0,1605.2379885861162
Cell_932,193.0,815.5,589.5,1506.389225930669
Cell_933,345.0,818.5,1039.0,1398.8303149417372
Cell_934,148.0,817.0,720.0,1463.046820850242
Cell_935,118.0,819.0,373.5,1591.2703258717545
Cell_936,114.0,818.0,875.0,1423.0361906852545
Cell_937,245.0,824.5,778.0,1439.3905828509508
Cell_938,110.0,822.0,41.5,1767.7523157954001
Cell_939,104.0,818.5,661.0,1480.2007465205522
Cell_940,159.0,821.0,574.5,1506.529538376198
Cell_941,202.0,821.5,799.5,1436.7228333955022
Cell_942,82.0,822.0,197.0,1678.0619774013117
Cell_943,163.0,823.5,561.5,1508.8977765243078
Cell_944,262.0,826.5,188.5,1678.958754704832
Cell_945,244.0,827.5,813.5,1427.4440444374693
Cell_946,204.0,826.0,141.0,1705.9859319466852
Cell_947,236.0,827.5,620.5,1484.572834184972
Cell_948,334.0,837.0,34.0,1760.432333263622
Cell_949,209.0,832.5,239.5,1646.3360835503788
Cell_950,159.0,832.5,252.5,1639.4756783801338
Cell_951,267.0,834.5,453.5,1541.6817116383006
Cell_952,219.0,832.5,1177.0,1379.5927841214595
Cell_953,355.0,837.0,275.0,1623.922719836138
Cell_954,339.0,836.0,653.0,1466.0368344622177
Cell_955,26.0,830.0,901.0,1406.2446444342463
Cell_956,314.0,839.0,493.5,1520.888309508624
Cell_957,376.0,841.0,1228.0,1372.6361498955214
Cell_958,141.0,837.5,226.5,1649.052000392953
Cell_959,160.0,838.0,315.5,1602.5312009443062
Cell_960,268.0,840.0,563.5,1492.8142047823635
Cell_961,167.0,839.5,115.5,1709.660346384626
Cell_962,274.0,844.5,546.0,1495.1793370696373
Cell_963,256.0,846.0,1060.0,1369.7288052749711
Cell_964,230.0,844.5,93.0,1718.8578329809595
Cell_965,160.0,844.0,892.0,1394.1969014454164
Cell_966,187.0,845.5,532.0,1499.6223691316425
Cell_967,183.0,846.5,519.5,1503.5905360170368
Cell_968,204.0,848.0,71.5,1728.9078199834714
Cell_969,110.0,846.0,171.5,1672.227930038247
Cell_970,244.0,853.0,204.5,1648.0282916260874
Cell_971,294.0,850.5,580.0,1477.0224270470642
Cell_972,255.0,851.0,105.5,1706.219578483379
Cell_973,329.0,853.0,153.5,1676.6828113868169
Cell_974,286.0,850.5,241.5,1630.0363492879537
Cell_975,165.0,849.5,415.0,1545.1427927541195
Cell_976,219.0,852.0,430.5,1535.9629715588849
Cell_977,42.0,848.0,357.0,1573.5107244629762
Cell_978,88.0,849.0,803.5,1409.104414158156
Cell_979,39.0,848.0,975.0,1376.62340529282
Cell_980,159.0,853.0,303.0,1595.8461705314833
Cell_981,377.0,859.0,85.0,1712.0002920560498
Cell_982,151.0,855.5,649.0,1448.8106328985855
Cell_983,469.0,862.0,42.5,1735.4902045243587
Cell_984,162.0,857.0,59.0,1729.322699787405
Cell_985,227.0,857.0,286.0,1601.1152363274794
Cell_986,183.0,859.5,219.0,1634.633980437211
Cell_987,260.0,859.0,634.0,1450.3799502199415
Cell_988,185.0,857.5,330.0,1578.404019888444
Cell_989,403.0,862.5,894.5,1375.5626121700168
Cell_990,205.0,864.5,229.5,1624.7167445434911
Cell_991,199.0,860.5,492.5,1501.6912132658965
Cell_992,185.0,863.0,160.0,1664.762445515876
Cell_993,375.0,863.5,263.5,1607.3302398698283
Cell_994,184.0,860.5,408.0,1538.5321738592274
Cell_995,219.0,862.5,1142.0,1349.6337466142436
Cell_996,165.0,865.0,505.5,1492.2550887834157
Cell_997,191.0,870.0,7.0,1751.3994404475525
Cell_998,120.0,864.5,199.0,1641.501827595693
Cell_999,210.0,866.5,175.0,1653.3379116200051
Cell_1000,243.0,865.0,475.0,1504.9295664581782
Cell_1001,315.0,869.0,958.0,1358.2554987924768
Cell_1002,162.0,864.5,1074.0,1350.305613555687
Cell_1003,166.0,866.0,519.0,1485.8936704892446
Cell_1004,249.0,872.0,1316.5,1348.9923090959414
Cell_1005,295.0,871.5,105.0,1690.0166419298953
Cell_1006,130.0,871.5,235.0,1615.8515556820187
Cell_1007,150.0,871.5,332.0,1565.2645942459696
Cell_1008,198.0,869.5,922.5,1363.5206269066853
Cell_1009,321.0,876.0,136.0,1668.062648703579
Cell_1010,178.0,870.5,206.0,1632.6222006330797
Cell_1011,181.0,871.5,291.5,1585.8608072589473
Cell_1012,224.0,874.5,551.5,1465.3479109071675
Cell_1013,291.0,875.5,567.0,1458.5514217880698
Cell_1014,230.0,873.0,430.0,1517.4037036991838
Cell_1015,87.0,872.0,1175.5,1340.0784491961656
Cell_1016,191.0,875.5,185.0,1640.2561537759887
Cell_1017,376.0,882.5,365.5,1539.1967060775567
Cell_1018,121.0,875.5,398.0,1529.8631474743092
Cell_1019,127.0,878.5,538.0,1466.893060178553
Cell_1020,235.0,880.0,968.5,1345.8381217665074
Cell_1021,194.0,881.0,207.5,1623.064770734674
Cell_1022,266.0,882.5,833.5,1369.243039054791
Cell_1023,165.0,884.0,947.0,1345.131963786453
Cell_1024,180.0,887.5,154.0,1648.2175978917346
Cell_1025,220.0,884.5,293.0,1573.9733955820218
Cell_1026,164.0,883.5,713.5,1401.844677558823
Cell_1027,209.0,886.5,601.0,1435.8851799499848
Cell_1028,216.0,887.0,493.0,1477.3899282180043
Cell_1029,299.0,892.0,26.0,1722.342881077981
Cell_1030,109.0,888.0,932.0,1343.6580666226062
Cell_1031,589.0,892.5,1020.5,1326.9591176822291
Cell_1032,296.0,891.5,762.5,1379.3195786328852
Cell_1033,258.0,894.5,823.0,1360.1655230154895
Cell_1034,199.0,891.5,1119.0,1321.1677599759994
Cell_1035,208.0,893.5,1100.5,1319.8873057954606
Cell_1036,635.0,903.0,1208.5,1309.8615384841255
Cell_1037,241.0,894.5,407.0,1508.8599172885467
Cell_1038,221.0,893.5,531.5,1455.6896990773823
Cell_1039,178.0,901.0,7.5,1727.1535108379915
Cell_1040,127.0,897.0,129.0,1655.239257630147
Cell_1041,189.0,897.0,320.5,1549.069801526064
Cell_1042,243.0,898.5,479.5,1472.7160282960187
Cell_1043,74.0,894.5,910.0,1341.1962011577575
Cell_1044,209.0,900.0,388.5,1512.7736942451108
Cell_1045,284.0,902.0,1048.0,1314.8646318157623
Cell_1046,87.0,897.5,918.5,1336.681151209966
Cell_1047,439.0,903.0,441.5,1485.441769306357
Cell_1048,110.0,899.0,737.5,1379.6090931854574
Cell_1049,203.0,904.0,163.0,1629.5631316398883
Cell_1050,39.0,898.0,1111.0,1314.9509496555374
Cell_1051,390.0,907.0,863.0,1338.5921709019517
Cell_1052,127.0,903.0,263.5,1573.9362280600824
Cell_1053,122.0,902.0,659.5,1401.4058120330455
Cell_1054,193.0,906.0,415.0,1494.954179899839
Cell_1055,195.0,904.5,541.5,1441.6187082581857
Cell_1056,277.0,906.5,841.0,1344.1466623847266
Cell_1057,214.0,905.0,55.0,1694.0168240014618
Cell_1058,293.0,908.0,597.5,1417.0886528372175
Cell_1059,136.0,905.5,398.0,1503.4065484758273
Cell_1060,116.0,908.0,922.0,1325.7213130971381
Cell_1061,248.0,909.5,520.0,1445.7147886080436
Cell_1062,325.0,911.5,764.0,1359.746024079497
Cell_1063,151.0,910.5,311.5,1542.1441242633582
Cell_1064,113.0,911.5,821.0,1344.2098980442006
Cell_1065,355.0,916.5,953.5,1312.01238561227
Cell_1066,120.0,913.0,166.5,1620.2121003127954
Cell_1067,125.0,915.0,933.0,1316.887618591655
Cell_1068,83.0,914.0,731.5,1367.2140468851246
Cell_1069,278.0,919.0,918.5,1315.5437088899782
Cell_1070,108.0,916.0,176.5,1611.9479675225252
Cell_1071,147.0,916.5,717.5,1369.3109581099538
Cell_1072,238.0,918.0,800.5,1343.2781729783298
Cell_1073,257.0,919.5,992.0,1303.5019179118995
Cell_1074,414.0,924.0,118.0,1640.2563823988005
Cell_1075,182.0,922.0,1312.0,1298.8075300058897
Cell_1076,176.0,921.5,379.5,1498.3205598269017
Cell_1077,432.0,924.5,436.5,1468.5926937037375
Cell_1078,158.0,922.5,728.0,1360.2570529131617
Cell_1079,163.0,923.5,498.0,1442.2015289133485
Cell_1080,266.0,926.0,76.5,1664.1923716926478
Cell_1081,403.0,928.0,167.5,1607.4732501662352
Cell_1082,198.0,929.0,297.5,1533.7670129455778
Cell_1083,202.0,929.0,755.0,1345.7061343398861
Cell_1084,250.0,929.5,779.5,1338.0390502522712
Cell_1085,193.0,930.5,829.0,1323.8074822269286
Cell_1086,253.0,930.0,1063.0,1285.740253706012
Cell_1087,118.0,932.0,523.0,1423.978932428426
Cell_1088,277.0,933.5,195.5,1586.6746673467753
Cell_1089,159.0,932.0,513.0,1428.1512524939367
Cell_1090,75.0,932.0,575.5,1403.040359362481
Cell_1091,137.0,934.0,1141.5,1278.1487589478777
Cell_1092,315.0,940.0,385.0,1479.5026191257655
Cell_1093,204.0,936.5,963.5,1290.700003873867
Cell_1094,100.0,937.0,876.5,1306.3557134257117
Cell_1095,120.0,937.0,888.0,1303.89953600728
Cell_1096,355.0,941.5,322.5,1509.9577808667366
Cell_1097,173.0,940.5,496.5,1427.4902801770666
Cell_1098,146.0,937.5,98.0,1641.832893445615
Cell_1099,149.0,939.0,1240.0,1275.448940569555
Cell_1100,239.0,943.5,67.5,1656.203640860628
Cell_1101,188.0,940.0,798.5,1322.6451716163333
Cell_1102,254.0,943.0,1191.0,1269.3545603967395
Cell_1103,214.0,944.5,229.5,1558.1862853972243
Cell_1104,210.0,943.5,1069.0,1271.8318481623269
Cell_1105,264.0,946.0,414.0,1460.1797834513393
Cell_1106,210.0,947.0,532.0,1406.59944547124
Cell_1107,271.0,949.5,546.5,1398.3863915241739
Cell_1108,184.0,947.0,672.0,1354.7848537683021
Cell_1109,300.0,950.5,838.0,1302.1947818970862
Cell_1110,350.0,950.5,514.5,1410.747496896592
Cell_1111,289.0,954.5,454.5,1433.675172415286
Cell_1112,293.0,950.5,483.0,1424.3968021587243
Cell_1113,200.0,952.0,1166.5,1260.0120039110739
Cell_1114,270.0,951.5,1284.0,1266.486971902988
Cell_1115,119.0,949.0,623.5,1369.4711570529698
Cell_1116,207.0,954.5,581.5,1379.9617748329117
Cell_1117,130.0,952.0,795.5,1311.941404941547
Cell_1118,34.0,949.5,927.0,1284.0024337983164
Cell_1119,254.0,956.5,402.0,1456.7886771937788
Cell_1120,148.0,955.5,815.0,1303.268295478717
Cell_1121,316.0,958.0,1045.0,1259.3538025511339
Cell_1122,280.0,957.0,1214.5,1256.1398210390435
Cell_1123,98.0,953.0,110.5,1621.9220850583422
Cell_1124,143.0,956.0,355.0,1480.7254978556964
Cell_1125,151.0,956.5,805.0,1304.9966475052722
Cell_1126,64.0,956.5,374.5,1470.406236385034
Cell_1127,251.0,960.0,1075.0,1254.9501982150528
Cell_1128,207.0,963.5,272.5,1518.35453699062
Cell_1129,339.0,964.0,834.0,1290.1290633111091
Cell_1130,115.0,961.5,353.5,1476.7743564945865
Cell_1131,195.0,965.0,538.0,1387.7298007897648
Cell_1132,259.0,968.0,573.5,1370.6422764529043
Cell_1133,174.0,963.5,927.0,1270.2394459313566
Cell_1134,249.0,965.5,627.5,1352.6331727412278
Cell_1135,123.0,966.0,642.5,1346.8534627048334
Cell_1136,201.0,966.5,940.5,1264.8677796512961
Cell_1137,200.0,966.0,1233.0,1248.0785231707177
Cell_1138,453.0,975.5,472.5,1406.768104557393
Cell_1139,221.0,968.0,747.5,1310.9226712510545
Cell_1140,265.0,970.5,421.0,1435.329317613209
Cell_1141,188.0,971.5,515.5,1391.3297596184739
Cell_1142,88.0,971.0,350.0,1470.4482309826483
Cell_1143,284.0,977.0,1175.5,1235.0851185242254
Cell_1144,133.0,972.0,340.0,1474.810157274488
Cell_1145,278.0,975.5,532.0,1380.6944810493014
Cell_1146,199.0,975.0,853.5,1274.6471080263746
Cell_1147,260.0,977.0,221.5,1536.1553469620187
Cell_1148,156.0,975.5,507.5,1391.1816919439386
Cell_1149,159.0,977.5,166.0,1568.6169863927905
Cell_1150,206.0,980.0,837.5,1273.7645975611035
Cell_1151,209.0,979.0,890.5,1262.3229578835997
Cell_1152,248.0,979.5,306.0,1486.6072951522874
Cell_1153,314.0,980.0,1238.5,1234.4351947348227
Cell_1154,137.0,979.0,11.5,1665.3237673197366
Cell_1155,255.0,982.0,1133.0,1230.3186579094051
Cell_1156,210.0,982.0,146.5,1576.9078127779062
Cell_1157,226.0,985.0,345.0,1461.120460468609
Cell_1158,465.0,991.0,371.0,1442.4746098285405
Cell_1159,320.0,988.5,865.5,1258.6788708800987
Cell_1160,200.0,988.5,426.0,1417.1553372866363
Cell_1161,198.0,987.5,801.0,1276.322941108558
Cell_1162,383.0,991.5,484.5,1387.0632645989872
Cell_1163,238.0,989.0,597.0,1342.1538659930166
Cell_1164,327.0,992.0,571.5,1349.4140395001084
Cell_1165,222.0,995.5,455.0,1397.1471826547122
Cell_1166,182.0,989.5,532.0,1368.0070358006205
Cell_1167,290.0,995.0,673.5,1308.9878723655158
Cell_1168,266.0,995.5,1026.0,1223.9678304596082
Cell_1169,233.0,993.5,441.0,1405.5512263877115
Cell_1170,161.0,995.5,539.0,1359.6073881823384
Cell_1171,238.0,996.0,849.0,1255.3883861180173
Cell_1172,164.0,993.5,1222.0,1220.0259218557612
Cell_1173,125.0,995.5,356.5,1446.1495427513712
Cell_1174,122.0,995.0,268.5,1494.4795916973908
Cell_1175,257.0,1000.0,387.5,1426.3008974266265
Cell_1176,149.0,996.5,161.5,1556.2597790857412
Cell_1177,92.0,995.0,1123.5,1217.577615595819
Cell_1178,546.0,997.5,62.5,1617.9247510313946
Cell_1179,133.0,997.0,621.5,1325.4935873100255
Cell_1180,156.0,996.5,1272.0,1220.557761844969
Cell_1181,212.0,1003.0,326.0,1456.0199174461866
Cell_1182,166.0,998.0,151.5,1561.2117889639444
Cell_1183,259.0,1001.0,1202.0,1211.6938557242916
Cell_1184,119.0,1002.0,928.5,1232.1348343424108
Cell_1185,87.0,999.5,965.0,1228.2394921186992
Cell_1186,299.0,1002.5,1100.0,1211.0372620196292
Cell_1187,410.0,1010.0,900.5,1229.904162933031
Cell_1188,88.0,1003.5,262.0,1491.174453241471
Cell_1189,255.0,1008.0,422.5,1401.8524351728322
Cell_1190,329.0,1008.5,1000.0,1214.2212524906654
Cell_1191,255.0,1014.0,554.0,1336.51674138411
Cell_1192,281.0,1011.5,732.5,1274.61857039665
Cell_1193,199.0,1008.0,344.0,1442.1376494634624
Cell_1194,245.0,1009.5,477.0,1374.4956347693505
Cell_1195,316.0,1012.5,370.5,1424.3407246863371
Cell_1196,269.0,1010.5,516.5,1355.772289140031
Cell_1197,66.0,1006.5,1134.0,1205.8023262541833
Cell_1198,538.0,1017.0,1267.0,1199.6920438179125
Cell_1199,463.0,1014.0,652.5,1298.405271862372
Cell_1200,269.0,1014.0,498.0,1360.8897824585208
Cell_1201,159.0,1010.5,586.5,1326.464662175363
Cell_1202,293.0,1014.0,1218.0,1199.3552434537485
Cell_1203,181.0,1015.5,774.5,1257.3760376275666
Cell_1204,212.0,1016.5,420.0,1395.700988750814
Cell_1205,148.0,1018.0,464.0,1373.0626351335907
Cell_1206,335.0,1018.5,824.5,1240.03003995871
Cell_1207,408.0,1024.0,885.5,1219.5262399800997
Cell_1208,172.0,1018.0,1090.0,1196.1091087354866
Cell_1209,338.0,1022.5,1129.5,1189.9170139131552
Cell_1210,125.0,1016.0,242.0,1492.5096314597101
Cell_1211,279.0,1018.5,449.0,1379.7776088920996
Cell_1212,469.0,1024.5,872.0,1222.1608936633506
Cell_1213,286.0,1019.0,985.0,1205.9125175567256
Cell_1214,179.0,1019.5,790.0,1248.878396802507
Cell_1215,119.0,1018.5,1033.5,1200.2910063813692
Cell_1216,157.0,1021.5,386.5,1408.3481458787098
Cell_1217,104.0,1020.0,121.5,1562.7975716643534
Cell_1218,410.0,1026.0,1105.0,1187.3213549835614
Cell_1219,245.0,1024.0,90.5,1579.5955969804422
Cell_1220,250.0,1025.5,918.0,1211.1280898402117
Cell_1221,330.0,1026.5,635.0,1293.0917407515988
Cell_1222,174.0,1022.5,1072.5,1192.7877011438372
Cell_1223,255.0,1026.0,536.0,1333.3165415609303
Cell_1224,302.0,1024.5,943.5,1207.2541157519406
Cell_1225,131.0,1024.5,960.5,1204.3074773495348
Cell_1226,416.0,1027.5,1170.5,1184.538095630529
Cell_1227,264.0,1027.0,507.5,1345.0023234180676
Cell_1228,204.0,1026.5,1283.0,1191.7609869432713
Cell_1229,199.0,1027.0,763.0,1250.05159893502
Cell_1230,227.0,1029.0,327.0,1433.6655816472683
Cell_1231,228.0,1027.0,353.0,1421.2673921539183
Cell_1232,275.0,1029.0,903.5,1210.7003138679695
Cell_1233,302.0,1029.5,1007.0,1192.4857441495894
Cell_1234,257.0,1029.5,1043.5,1188.3233987429517
Cell_1235,307.0,1030.0,436.0,1376.0570482360097
Cell_1236,248.0,1030.0,1148.0,1182.0714868399457
Cell_1237,105.0,1029.5,137.0,1545.6319904815634
Cell_1238,147.0,1031.5,383.5,1401.350241731167
Cell_1239,154.0,1031.5,419.0,1383.2021724968479
Cell_1240,213.0,1032.0,779.5,1240.1379963536317
Cell_1241,128.0,1032.0,802.0,1233.4022052842292
Cell_1242,128.0,1032.5,1085.0,1181.9459590015103
Cell_1243,192.0,1032.5,1293.0,1186.863197676969
Cell_1244,164.0,1033.0,293.0,1449.284306131823
Cell_1245,80.0,1035.5,229.0,1484.4232044804473
Cell_1246,73.0,1036.0,20.0,1617.2547727553626
Cell_1247,57.0,1036.0,1258.0,1179.9936440506788
